,Unnamed: 0,Unnamed: 0.1,Unnamed: 0.1.1,Unnamed: 0.1.1.1,Unnamed: 0.1.1.1.1,Unnamed: 0.1.1.1.1.1,Unnamed: 0.1.1.1.1.1.1,Unnamed: 0.1.1.1.1.1.1.1,Unnamed: 0.1.1.1.1.1.1.1.1,Unnamed: 0.1.1.1.1.1.1.1.1.1,Unnamed: 0.1.1.1.1.1.1.1.1.1.1,Unnamed: 0.1.1.1.1.1.1.1.1.1.1.1,Unnamed: 0.1.1.1.1.1.1.1.1.1.1.1.1,Unnamed: 0.1.1.1.1.1.1.1.1.1.1.1.1.1,Unnamed: 0.1.1.1.1.1.1.1.1.1.1.1.1.1.1,Unnamed: 0.1.1.1.1.1.1.1.1.1.1.1.1.1.1.1,Unnamed: 0.1.1.1.1.1.1.1.1.1.1.1.1.1.1.1.1,Unnamed: 0.1.1.1.1.1.1.1.1.1.1.1.1.1.1.1.1.1,Unnamed: 0.1.1.1.1.1.1.1.1.1.1.1.1.1.1.1.1.1.1,Unnamed: 0.1.1.1.1.1.1.1.1.1.1.1.1.1.1.1.1.1.1.1,Unnamed: 0.1.1.1.1.1.1.1.1.1.1.1.1.1.1.1.1.1.1.1.1,Unnamed: 0.1.1.1.1.1.1.1.1.1.1.1.1.1.1.1.1.1.1.1.1.1,Unnamed: 0.1.1.1.1.1.1.1.1.1.1.1.1.1.1.1.1.1.1.1.1.1.1,Rankings_Annova,Rankings_Decision_Tree,Rankings_Random_Forest,Rankings_Extra_Tree,Features,Forward_Feature_Selector_rankings_log_reg,Forward_Feature_Selector_rankings_lin_svm,Forward_Feature_Selector_rankings_dec_tree,Rankings_XGBoost
0,0,0,0,0,0,0,0,0,0,0,0,0,0,0,0,0,0,0,0,0,0,0,0,126,1,36,106,gap_up_down_opening_T,1,1,1,1
1,1,1,1,1,1,1,1,1,1,1,1,1,1,1,1,1,1,1,1,1,1,1,1,30,19,1,7,Pivot_T,1,1,100,1
2,2,2,2,2,2,2,2,2,2,2,2,2,2,2,2,2,2,2,2,2,2,2,2,244,18,5,146,Weekly_Pivots_T,155,155,100,1
3,3,3,3,3,3,3,3,3,3,3,3,3,3,3,3,3,3,3,3,3,3,3,3,1,1,1,1,RSI-14_T,1,1,1,1
4,4,4,4,4,4,4,4,4,4,4,4,4,4,4,4,4,4,4,4,4,4,4,4,3,14,3,5,MFI-14_T,155,155,100,1
5,5,5,5,5,5,5,5,5,5,5,5,5,5,5,5,5,5,5,5,5,5,5,5,317,13,258,119,Day_T,155,155,100,165
6,6,6,6,6,6,6,6,6,6,6,6,6,6,6,6,6,6,6,6,6,6,6,6,257,12,255,174,Month_T,155,155,100,160
7,7,7,7,7,7,7,7,7,7,7,7,7,7,7,7,7,7,7,7,7,7,7,7,281,10,224,198,Singp_gap_up_down_opening_T,155,155,100,140
8,8,8,8,8,8,8,8,8,8,8,8,8,8,8,8,8,8,8,8,8,8,8,8,24,21,41,32,China_gap_up_down_opening_T,155,155,100,1
9,9,9,9,9,9,9,9,9,9,9,9,9,9,9,9,9,9,9,9,9,9,9,9,412,28,130,175,china_today_init_trend_T,155,155,100,119
10,10,10,10,10,10,10,10,10,10,10,10,10,10,10,10,10,10,10,10,10,10,10,10,280,23,137,250,china_today_init_trend_strength_up_shadow_T,155,155,100,26
11,11,11,11,11,11,11,11,11,11,11,11,11,11,11,11,11,11,11,11,11,11,11,11,247,25,106,292,china_today_init_trend_strength_low_shadow_T,155,1,100,187
12,12,12,12,12,12,12,12,12,12,12,12,12,12,12,12,12,12,12,12,12,12,12,12,470,27,33,47,Honkon_gap_up_down_opening_T,155,155,100,35
13,13,13,13,13,13,13,13,13,13,13,13,13,13,13,13,13,13,13,13,13,13,13,13,120,32,28,131,hongkong_today_init_trend_T,155,155,100,64
14,14,14,14,14,14,14,14,14,14,14,14,14,14,14,14,14,14,14,14,14,14,14,14,435,33,196,256,hongkong_today_init_trend_strength_up_shadow_T,155,155,100,52
15,15,15,15,15,15,15,15,15,15,15,15,15,15,15,15,15,15,15,15,15,15,15,15,474,35,85,251,hongkong_today_init_trend_strength_low_shadow_T,155,155,100,233
16,16,16,16,16,16,16,16,16,16,16,16,16,16,16,16,16,16,16,16,16,16,16,16,12,2,6,9,Japan_gap_up_down_opening_T,155,155,100,1
17,17,17,17,17,17,17,17,17,17,17,17,17,17,17,17,17,17,17,17,17,17,17,17,101,38,89,99,japan_today_init_trend_T,155,155,100,107
18,18,18,18,18,18,18,18,18,18,18,18,18,18,18,18,18,18,18,18,18,18,18,18,416,42,139,305,japan_today_init_trend_strength_up_shadow_T,1,1,100,2
19,19,19,19,19,19,19,19,19,19,19,19,19,19,19,19,19,19,19,19,19,19,19,19,345,40,221,235,japan_today_init_trend_strength_low_shadow_T,1,155,100,171
20,20,20,20,20,20,20,20,20,20,20,20,20,20,20,20,20,20,20,20,20,20,20,20,25,44,59,37,Day_trend_T1,1,155,100,108
21,21,21,21,21,21,21,21,21,21,21,21,21,21,21,21,21,21,21,21,21,21,21,21,246,48,207,314,Day_trend_strength_up_shadow_T1,1,155,100,173
22,22,22,22,22,22,22,22,22,22,22,22,22,22,22,22,22,22,22,22,22,22,22,22,228,46,240,278,Day_trend_strength_low_shadow_T1,155,155,100,118
23,23,23,23,23,23,23,23,23,23,23,23,23,23,23,23,23,23,23,23,23,23,23,23,10,52,30,70,gap_up_down_opening_T1,155,155,100,205
24,24,24,24,24,24,24,24,24,24,24,24,24,24,24,24,24,24,24,24,24,24,24,24,165,50,193,168,Volume_T1,155,155,100,15
25,25,25,25,25,25,25,25,25,25,25,25,25,25,25,25,25,25,25,25,25,25,25,25,337,54,78,310,Change_in_Volume_T1,1,155,100,184
26,26,26,26,26,26,26,26,26,26,26,26,26,26,26,26,26,26,26,26,26,26,26,26,453,8,116,38,Open Interest_T1,155,155,100,144
27,27,27,27,27,27,27,27,27,27,27,27,27,27,27,27,27,27,27,27,27,27,27,27,393,57,37,24,Change in OI_T1,155,155,100,81
28,28,28,28,28,28,28,28,28,28,28,28,28,28,28,28,28,28,28,28,28,28,28,28,431,60,118,124,Pivot_T1,155,155,100,68
29,29,29,29,29,29,29,29,29,29,29,29,29,29,29,29,29,29,29,29,29,29,29,29,315,62,105,45,Weekly_Pivots_T1,155,155,100,5
30,30,30,30,30,30,30,30,30,30,30,30,30,30,30,30,30,30,30,30,30,30,30,30,342,59,24,20,MVWAP-7_T1,155,155,100,174
31,31,31,31,31,31,31,31,31,31,31,31,31,31,31,31,31,31,31,31,31,31,31,31,480,65,99,94,trend_3_T1,155,155,100,136
32,32,32,32,32,32,32,32,32,32,32,32,32,32,32,32,32,32,32,32,32,32,32,32,121,67,14,22,trend_8_T1,155,155,100,20
33,33,33,33,33,33,33,33,33,33,33,33,33,33,33,33,33,33,33,33,33,33,33,33,143,69,43,36,trend_13_T1,155,155,100,105
34,34,34,34,34,34,34,34,34,34,34,34,34,34,34,34,34,34,34,34,34,34,34,34,47,71,51,42,trend_34_T1,155,155,100,3
35,35,35,35,35,35,35,35,35,35,35,35,35,35,35,35,35,35,35,35,35,35,35,35,176,73,173,267,trend_100_T1,155,155,100,55
36,36,36,36,36,36,36,36,36,36,36,36,36,36,36,36,36,36,36,36,36,36,36,36,456,75,143,158,trend_200_T1,155,155,100,153
37,37,37,37,37,37,37,37,37,37,37,37,37,37,37,37,37,37,37,37,37,37,37,37,319,77,75,11,EMA_8_T1,155,155,100,102
38,38,38,38,38,38,38,38,38,38,38,38,38,38,38,38,38,38,38,38,38,38,38,38,98,79,1,2,EMA_21_T1,155,155,100,1
39,39,39,39,39,39,39,39,39,39,39,39,39,39,39,39,39,39,39,39,39,39,39,39,52,81,2,3,EMA_55_T1,155,155,100,1
40,40,40,40,40,40,40,40,40,40,40,40,40,40,40,40,40,40,40,40,40,40,40,40,36,4,1,8,EMA_sm_cross_T1,155,155,100,1
41,41,41,41,41,41,41,41,41,41,41,41,41,41,41,41,41,41,41,41,41,41,41,41,56,82,157,297,EMA_ml_cross_T1,155,1,100,167
42,42,42,42,42,42,42,42,42,42,42,42,42,42,42,42,42,42,42,42,42,42,42,42,34,84,113,88,EMA_sl_cross_T1,155,155,100,275
43,43,43,43,43,43,43,43,43,43,43,43,43,43,43,43,43,43,43,43,43,43,43,43,440,86,148,268,BollUp_T1,155,155,100,204
44,44,44,44,44,44,44,44,44,44,44,44,44,44,44,44,44,44,44,44,44,44,44,44,447,88,163,254,BollMid_T1,155,155,100,148
45,45,45,45,45,45,45,45,45,45,45,45,45,45,45,45,45,45,45,45,45,45,45,45,376,90,153,85,BollDown_T1,155,155,100,139
46,46,46,46,46,46,46,46,46,46,46,46,46,46,46,46,46,46,46,46,46,46,46,46,19,92,38,28,MACD_T1,155,155,100,109
47,47,47,47,47,47,47,47,47,47,47,47,47,47,47,47,47,47,47,47,47,47,47,47,20,94,162,72,MACDsignal_T1,155,155,100,278
48,48,48,48,48,48,48,48,48,48,48,48,48,48,48,48,48,48,48,48,48,48,48,48,73,1,1,1,RSI-14_T1,1,1,1,1
49,49,49,49,49,49,49,49,49,49,49,49,49,49,49,49,49,49,49,49,49,49,49,49,200,98,84,171,ADX-14_T1,155,155,100,54
50,50,50,50,50,50,50,50,50,50,50,50,50,50,50,50,50,50,50,50,50,50,50,50,277,100,7,30,MFI-14_T1,155,155,100,124
51,51,51,51,51,51,51,51,51,51,51,51,51,51,51,51,51,51,51,51,51,51,51,51,109,102,165,93,OBV_T1,155,155,100,262
52,52,52,52,52,52,52,52,52,52,52,52,52,52,52,52,52,52,52,52,52,52,52,52,97,104,69,173,ADOSC_T1,155,155,100,40
53,53,53,53,53,53,53,53,53,53,53,53,53,53,53,53,53,53,53,53,53,53,53,53,229,106,437,499,CDL2CROWS_T1,155,155,100,266
54,54,54,54,54,54,54,54,54,54,54,54,54,54,54,54,54,54,54,54,54,54,54,54,367,7,346,351,CDL3INSIDE_T1,155,155,100,295
55,55,55,55,55,55,55,55,55,55,55,55,55,55,55,55,55,55,55,55,55,55,55,55,358,110,398,476,CDL3LINESTRIKE_T1,155,155,100,297
56,56,56,56,56,56,56,56,56,56,56,56,56,56,56,56,56,56,56,56,56,56,56,56,307,112,290,337,CDL3OUTSIDE_T1,155,155,100,299
57,57,57,57,57,57,57,57,57,57,57,57,57,57,57,57,57,57,57,57,57,57,57,57,122,114,372,364,CDLADVANCEBLOCK_T1,155,155,100,301
58,58,58,58,58,58,58,58,58,58,58,58,58,58,58,58,58,58,58,58,58,58,58,58,289,116,284,117,CDLBELTHOLD_T1,155,155,1,303
59,59,59,59,59,59,59,59,59,59,59,59,59,59,59,59,59,59,59,59,59,59,59,59,152,118,448,479,CDLBREAKAWAY_T1,155,155,100,305
60,60,60,60,60,60,60,60,60,60,60,60,60,60,60,60,60,60,60,60,60,60,60,60,312,120,299,329,CDLCLOSINGMARUBOZU_T1,155,155,100,307
61,61,61,61,61,61,61,61,61,61,61,61,61,61,61,61,61,61,61,61,61,61,61,61,503,122,436,502,CDLCOUNTERATTACK_T1,155,155,100,309
62,62,62,62,62,62,62,62,62,62,62,62,62,62,62,62,62,62,62,62,62,62,62,62,489,131,450,429,CDLDARKCLOUDCOVER_T1,155,155,100,311
63,63,63,63,63,63,63,63,63,63,63,63,63,63,63,63,63,63,63,63,63,63,63,63,340,124,308,281,CDLDOJI_T1,155,155,100,276
64,64,64,64,64,64,64,64,64,64,64,64,64,64,64,64,64,64,64,64,64,64,64,64,215,133,306,283,CDLDOJISTAR_T1,155,155,100,133
65,65,65,65,65,65,65,65,65,65,65,65,65,65,65,65,65,65,65,65,65,65,65,65,179,126,349,361,CDLDRAGONFLYDOJI_T1,155,155,100,313
66,66,66,66,66,66,66,66,66,66,66,66,66,66,66,66,66,66,66,66,66,66,66,66,84,128,277,299,CDLENGULFING_T1,155,155,100,315
67,67,67,67,67,67,67,67,67,67,67,67,67,67,67,67,67,67,67,67,67,67,67,67,67,134,469,325,CDLEVENINGDOJISTAR_T1,155,155,100,317
68,68,68,68,68,68,68,68,68,68,68,68,68,68,68,68,68,68,68,68,68,68,68,68,183,136,399,382,CDLEVENINGSTAR_T1,155,155,1,319
69,69,69,69,69,69,69,69,69,69,69,69,69,69,69,69,69,69,69,69,69,69,69,69,226,138,428,439,CDLGAPSIDESIDEWHITE_T1,1,155,1,321
70,70,70,70,70,70,70,70,70,70,70,70,70,70,70,70,70,70,70,70,70,70,70,70,269,140,392,401,CDLGRAVESTONEDOJI_T1,1,155,100,323
71,71,71,71,71,71,71,71,71,71,71,71,71,71,71,71,71,71,71,71,71,71,71,71,260,142,402,385,CDLHAMMER_T1,155,155,100,324
72,72,72,72,72,72,72,72,72,72,72,72,72,72,72,72,72,72,72,72,72,72,72,72,484,144,353,350,CDLHANGINGMAN_T1,155,155,100,281
73,73,73,73,73,73,73,73,73,73,73,73,73,73,73,73,73,73,73,73,73,73,73,73,410,146,278,180,CDLHARAMI_T1,155,155,100,283
74,74,74,74,74,74,74,74,74,74,74,74,74,74,74,74,74,74,74,74,74,74,74,74,398,148,318,338,CDLHARAMICROSS_T1,155,155,100,245
75,75,75,75,75,75,75,75,75,75,75,75,75,75,75,75,75,75,75,75,75,75,75,75,128,150,266,177,CDLHIGHWAVE_T1,155,155,100,203
76,76,76,76,76,76,76,76,76,76,76,76,76,76,76,76,76,76,76,76,76,76,76,76,346,152,272,317,CDLHIKKAKE_T1,155,155,100,326
77,77,77,77,77,77,77,77,77,77,77,77,77,77,77,77,77,77,77,77,77,77,77,77,348,154,483,486,CDLHIKKAKEMOD_T1,1,155,100,249
78,78,78,78,78,78,78,78,78,78,78,78,78,78,78,78,78,78,78,78,78,78,78,78,42,156,388,67,CDLHOMINGPIGEON_T1,1,1,100,363
79,79,79,79,79,79,79,79,79,79,79,79,79,79,79,79,79,79,79,79,79,79,79,79,496,158,395,494,CDLINNECK_T1,155,155,100,364
80,80,80,80,80,80,80,80,80,80,80,80,80,80,80,80,80,80,80,80,80,80,80,80,487,160,356,390,CDLINVERTEDHAMMER_T1,1,155,100,367
81,81,81,81,81,81,81,81,81,81,81,81,81,81,81,81,81,81,81,81,81,81,81,81,414,162,375,435,CDLLADDERBOTTOM_T1,1,155,100,369
82,82,82,82,82,82,82,82,82,82,82,82,82,82,82,82,82,82,82,82,82,82,82,82,341,164,314,208,CDLLONGLEGGEDDOJI_T1,155,155,100,371
83,83,83,83,83,83,83,83,83,83,83,83,83,83,83,83,83,83,83,83,83,83,83,83,468,166,260,205,CDLLONGLINE_T1,155,1,100,251
84,84,84,84,84,84,84,84,84,84,84,84,84,84,84,84,84,84,84,84,84,84,84,84,299,168,312,375,CDLMARUBOZU_T1,155,155,100,253
85,85,85,85,85,85,85,85,85,85,85,85,85,85,85,85,85,85,85,85,85,85,85,85,133,170,337,318,CDLMATCHINGLOW_T1,155,155,100,328
86,86,86,86,86,86,86,86,86,86,86,86,86,86,86,86,86,86,86,86,86,86,86,86,391,172,477,478,CDLMORNINGDOJISTAR_T1,1,155,100,330
87,87,87,87,87,87,87,87,87,87,87,87,87,87,87,87,87,87,87,87,87,87,87,87,335,174,382,451,CDLMORNINGSTAR_T1,1,155,1,332
88,88,88,88,88,88,88,88,88,88,88,88,88,88,88,88,88,88,88,88,88,88,88,88,191,176,425,417,CDLONNECK_T1,155,155,100,373
89,89,89,89,89,89,89,89,89,89,89,89,89,89,89,89,89,89,89,89,89,89,89,89,292,178,379,444,CDLPIERCING_T1,155,1,100,374
90,90,90,90,90,90,90,90,90,90,90,90,90,90,90,90,90,90,90,90,90,90,90,90,432,180,326,321,CDLRICKSHAWMAN_T1,155,155,100,377
91,91,91,91,91,91,91,91,91,91,91,91,91,91,91,91,91,91,91,91,91,91,91,91,442,182,431,427,CDLSEPARATINGLINES_T1,155,155,100,378
92,92,92,92,92,92,92,92,92,92,92,92,92,92,92,92,92,92,92,92,92,92,92,92,217,184,452,425,CDLSHOOTINGSTAR_T1,155,155,100,334
93,93,93,93,93,93,93,93,93,93,93,93,93,93,93,93,93,93,93,93,93,93,93,93,443,186,301,187,CDLSHORTLINE_T1,155,155,100,336
94,94,94,94,94,94,94,94,94,94,94,94,94,94,94,94,94,94,94,94,94,94,94,94,66,188,259,74,CDLSPINNINGTOP_T1,155,155,100,161
95,95,95,95,95,95,95,95,95,95,95,95,95,95,95,95,95,95,95,95,95,95,95,95,353,190,429,470,CDLSTALLEDPATTERN_T1,155,1,100,339
96,96,96,96,96,96,96,96,96,96,96,96,96,96,96,96,96,96,96,96,96,96,96,96,135,192,485,371,CDLTAKURI_T1,155,155,100,342
97,97,97,97,97,97,97,97,97,97,97,97,97,97,97,97,97,97,97,97,97,97,97,97,499,194,464,391,CDLTASUKIGAP_T1,155,155,100,341
98,98,98,98,98,98,98,98,98,98,98,98,98,98,98,98,98,98,98,98,98,98,98,98,163,196,415,373,CDLTHRUSTING_T1,155,155,100,221
99,99,99,99,99,99,99,99,99,99,99,99,99,99,99,99,99,99,99,99,99,99,99,99,223,198,407,501,CDLUNIQUE3RIVER_T1,1,155,1,259
100,100,100,100,100,100,100,100,100,100,100,100,100,100,100,100,100,100,100,100,100,100,100,100,354,200,444,477,CDLUPSIDEGAP2CROWS_T1,155,155,1,263
101,101,101,101,101,101,101,101,101,101,101,101,101,101,101,101,101,101,101,101,101,101,101,101,428,202,430,369,CDLXSIDEGAP3METHODS_T1,155,155,1,267
102,102,102,102,102,102,102,102,102,102,102,102,102,102,102,102,102,102,102,102,102,102,102,102,409,204,155,221,FII_Futures_Net_change_T1,155,1,100,185
103,103,103,103,103,103,103,103,103,103,103,103,103,103,103,103,103,103,103,103,103,103,103,103,397,206,67,312,FII_Options_Net_change_T1,155,155,100,271
104,104,104,104,104,104,104,104,104,104,104,104,104,104,104,104,104,104,104,104,104,104,104,104,418,208,31,90,VIX_T1,155,155,100,132
105,105,105,105,105,105,105,105,105,105,105,105,105,105,105,105,105,105,105,105,105,105,105,105,473,210,45,95,Change_in_dollar_rate_T1,155,155,100,206
106,106,106,106,106,106,106,106,106,106,106,106,106,106,106,106,106,106,106,106,106,106,106,106,2,212,8,10,change_in_crude_price_T1,155,155,100,1
107,107,107,107,107,107,107,107,107,107,107,107,107,107,107,107,107,107,107,107,107,107,107,107,7,3,48,13,US_day_trend_T1,155,155,100,12
108,108,108,108,108,108,108,108,108,108,108,108,108,108,108,108,108,108,108,108,108,108,108,108,240,216,249,260,US_trend_strength_up_shadow_T1,1,1,100,186
109,109,109,109,109,109,109,109,109,109,109,109,109,109,109,109,109,109,109,109,109,109,109,109,241,218,164,178,US_trend_strength_low_shadow_T1,1,155,100,1
110,110,110,110,110,110,110,110,110,110,110,110,110,110,110,110,110,110,110,110,110,110,110,110,26,220,12,65,US_gap_up_down_opening_T1,155,155,100,34
111,111,111,111,111,111,111,111,111,111,111,111,111,111,111,111,111,111,111,111,111,111,111,111,5,222,11,14,Lon_day_trend_T1,155,155,100,1
112,112,112,112,112,112,112,112,112,112,112,112,112,112,112,112,112,112,112,112,112,112,112,112,461,224,237,181,Lon_trend_strength_up_shadow_T1,1,155,100,51
113,113,113,113,113,113,113,113,113,113,113,113,113,113,113,113,113,113,113,113,113,113,113,113,320,226,256,280,Lon_trend_strength_low_shadow_T1,1,155,100,134
114,114,114,114,114,114,114,114,114,114,114,114,114,114,114,114,114,114,114,114,114,114,114,114,4,228,20,16,Fran_day_trend_T1,155,155,100,1
115,115,115,115,115,115,115,115,115,115,115,115,115,115,115,115,115,115,115,115,115,115,115,115,387,230,191,262,Fran_trend_strength_up_shadow_T1,1,155,100,235
116,116,116,116,116,116,116,116,116,116,116,116,116,116,116,116,116,116,116,116,116,116,116,116,434,232,21,279,Fran_trend_strength_low_shadow_T1,1,155,100,16
117,117,117,117,117,117,117,117,117,117,117,117,117,117,117,117,117,117,117,117,117,117,117,117,92,234,108,57,Fran_gap_up_down_opening_T1,155,155,100,78
118,118,118,118,118,118,118,118,118,118,118,118,118,118,118,118,118,118,118,118,118,118,118,118,43,236,34,23,Singp_day_trend_T1,155,155,100,83
119,119,119,119,119,119,119,119,119,119,119,119,119,119,119,119,119,119,119,119,119,119,119,119,222,238,225,213,Singp_trend_strength_up_shadow_T1,1,1,100,123
120,120,120,120,120,120,120,120,120,120,120,120,120,120,120,120,120,120,120,120,120,120,120,120,232,240,218,282,Singp_trend_strength_low_shadow_T1,1,1,100,1
121,121,121,121,121,121,121,121,121,121,121,121,121,121,121,121,121,121,121,121,121,121,121,121,83,242,195,159,Singp_gap_up_down_opening_T1,155,155,100,27
122,122,122,122,122,122,122,122,122,122,122,122,122,122,122,122,122,122,122,122,122,122,122,122,72,244,49,35,China_day_trend_T1,155,155,100,46
123,123,123,123,123,123,123,123,123,123,123,123,123,123,123,123,123,123,123,123,123,123,123,123,172,246,161,294,China_trend_strength_up_shadow_T1,155,155,100,82
124,124,124,124,124,124,124,124,124,124,124,124,124,124,124,124,124,124,124,124,124,124,124,124,161,248,83,140,China_trend_strength_low_shadow_T1,1,1,100,86
125,125,125,125,125,125,125,125,125,125,125,125,125,125,125,125,125,125,125,125,125,125,125,125,263,250,144,182,China_gap_up_down_opening_T1,155,155,100,156
126,126,126,126,126,126,126,126,126,126,126,126,126,126,126,126,126,126,126,126,126,126,126,126,130,252,188,136,Honkon_day_trend_T1,155,155,100,152
127,127,127,127,127,127,127,127,127,127,127,127,127,127,127,127,127,127,127,127,127,127,127,127,377,254,160,179,Honkon_trend_strength_up_shadow_T1,1,155,100,189
128,128,128,128,128,128,128,128,128,128,128,128,128,128,128,128,128,128,128,128,128,128,128,128,264,256,174,229,Honkon_trend_strength_low_shadow_T1,1,155,100,103
129,129,129,129,129,129,129,129,129,129,129,129,129,129,129,129,129,129,129,129,129,129,129,129,118,258,96,50,Honkon_gap_up_down_opening_T1,155,155,100,93
130,130,130,130,130,130,130,130,130,130,130,130,130,130,130,130,130,130,130,130,130,130,130,130,63,260,40,34,Japan_day_trend_T1,155,155,100,71
131,131,131,131,131,131,131,131,131,131,131,131,131,131,131,131,131,131,131,131,131,131,131,131,253,262,172,245,Japan_trend_strength_up_shadow_T1,155,155,100,30
132,132,132,132,132,132,132,132,132,132,132,132,132,132,132,132,132,132,132,132,132,132,132,132,460,264,156,247,Japan_trend_strength_low_shadow_T1,1,155,100,410
133,133,133,133,133,133,133,133,133,133,133,133,133,133,133,133,133,133,133,133,133,133,133,133,68,266,150,66,Japan_gap_up_down_opening_T1,155,155,100,98
134,134,134,134,134,134,134,134,134,134,134,134,134,134,134,134,134,134,134,134,134,134,134,134,283,268,228,223,Day_trend_T2,155,155,100,172
135,135,135,135,135,135,135,135,135,135,135,135,135,135,135,135,135,135,135,135,135,135,135,135,255,270,134,193,Day_trend_strength_up_shadow_T2,1,1,100,56
136,136,136,136,136,136,136,136,136,136,136,136,136,136,136,136,136,136,136,136,136,136,136,136,242,272,82,126,Day_trend_strength_low_shadow_T2,1,1,100,110
137,137,137,137,137,137,137,137,137,137,137,137,137,137,137,137,137,137,137,137,137,137,137,137,324,274,55,286,gap_up_down_opening_T2,155,155,100,1
138,138,138,138,138,138,138,138,138,138,138,138,138,138,138,138,138,138,138,138,138,138,138,138,85,276,104,49,Volume_T2,1,155,100,9
139,139,139,139,139,139,139,139,139,139,139,139,139,139,139,139,139,139,139,139,139,139,139,139,282,278,102,270,Change_in_Volume_T2,155,155,100,101
140,140,140,140,140,140,140,140,140,140,140,140,140,140,140,140,140,140,140,140,140,140,140,140,326,280,23,40,Open Interest_T2,155,155,100,47
141,141,141,141,141,141,141,141,141,141,141,141,141,141,141,141,141,141,141,141,141,141,141,141,49,282,16,17,Change in OI_T2,155,155,100,39
142,142,142,142,142,142,142,142,142,142,142,142,142,142,142,142,142,142,142,142,142,142,142,142,249,284,110,230,Pivot_T2,155,155,100,31
143,143,143,143,143,143,143,143,143,143,143,143,143,143,143,143,143,143,143,143,143,143,143,143,134,286,220,149,Weekly_Pivots_T2,155,155,100,22
144,144,144,144,144,144,144,144,144,144,144,144,144,144,144,144,144,144,144,144,144,144,144,144,306,288,201,269,MVWAP-7_T2,155,155,100,412
145,145,145,145,145,145,145,145,145,145,145,145,145,145,145,145,145,145,145,145,145,145,145,145,259,290,101,83,EMA_8_T2,155,155,100,29
146,146,146,146,146,146,146,146,146,146,146,146,146,146,146,146,146,146,146,146,146,146,146,146,79,292,9,15,EMA_21_T2,155,155,100,1
147,147,147,147,147,147,147,147,147,147,147,147,147,147,147,147,147,147,147,147,147,147,147,147,45,294,184,154,EMA_55_T2,155,1,100,63
148,148,148,148,148,148,148,148,148,148,148,148,148,148,148,148,148,148,148,148,148,148,148,148,23,296,133,55,EMA_sm_cross_T2,155,155,100,1
149,149,149,149,149,149,149,149,149,149,149,149,149,149,149,149,149,149,149,149,149,149,149,149,61,298,235,315,EMA_ml_cross_T2,155,155,100,441
150,150,150,150,150,150,150,150,150,150,150,150,150,150,150,150,150,150,150,150,150,150,150,150,31,300,229,222,EMA_sl_cross_T2,155,155,100,442
151,151,151,151,151,151,151,151,151,151,151,151,151,151,151,151,151,151,151,151,151,151,151,151,194,302,152,139,BollUp_T2,155,155,100,191
152,152,152,152,152,152,152,152,152,152,152,152,152,152,152,152,152,152,152,152,152,152,152,152,458,304,166,143,BollMid_T2,155,155,100,162
153,153,153,153,153,153,153,153,153,153,153,153,153,153,153,153,153,153,153,153,153,153,153,153,278,306,70,82,BollDown_T2,155,155,100,176
154,154,154,154,154,154,154,154,154,154,154,154,154,154,154,154,154,154,154,154,154,154,154,154,16,308,242,19,MACD_T2,155,155,100,177
155,155,155,155,155,155,155,155,155,155,155,155,155,155,155,155,155,155,155,155,155,155,155,155,22,310,248,166,MACDsignal_T2,155,155,100,193
156,156,156,156,156,156,156,156,156,156,156,156,156,156,156,156,156,156,156,156,156,156,156,156,53,312,4,6,RSI-14_T2,155,155,100,188
157,157,157,157,157,157,157,157,157,157,157,157,157,157,157,157,157,157,157,157,157,157,157,157,196,314,211,165,ADX-14_T2,155,155,100,457
158,158,158,158,158,158,158,158,158,158,158,158,158,158,158,158,158,158,158,158,158,158,158,158,180,316,66,31,MFI-14_T2,155,155,100,458
159,159,159,159,159,159,159,159,159,159,159,159,159,159,159,159,159,159,159,159,159,159,159,159,111,318,214,103,OBV_T2,155,155,100,130
160,160,160,160,160,160,160,160,160,160,160,160,160,160,160,160,160,160,160,160,160,160,160,160,185,320,200,199,ADOSC_T2,155,155,100,462
161,161,161,161,161,161,161,161,161,161,161,161,161,161,161,161,161,161,161,161,161,161,161,161,236,322,457,474,CDL2CROWS_T2,155,155,100,449
162,162,162,162,162,162,162,162,162,162,162,162,162,162,162,162,162,162,162,162,162,162,162,162,198,324,338,365,CDL3INSIDE_T2,155,155,100,451
163,163,163,163,163,163,163,163,163,163,163,163,163,163,163,163,163,163,163,163,163,163,163,163,356,326,501,504,CDL3LINESTRIKE_T2,155,155,100,453
164,164,164,164,164,164,164,164,164,164,164,164,164,164,164,164,164,164,164,164,164,164,164,164,188,328,320,324,CDL3OUTSIDE_T2,155,155,100,455
165,165,165,165,165,165,165,165,165,165,165,165,165,165,165,165,165,165,165,165,165,165,165,165,488,330,342,411,CDLADVANCEBLOCK_T2,155,155,100,473
166,166,166,166,166,166,166,166,166,166,166,166,166,166,166,166,166,166,166,166,166,166,166,166,347,332,293,89,CDLBELTHOLD_T2,155,155,100,474
167,167,167,167,167,167,167,167,167,167,167,167,167,167,167,167,167,167,167,167,167,167,167,167,506,334,445,493,CDLBREAKAWAY_T2,155,155,100,456
168,168,168,168,168,168,168,168,168,168,168,168,168,168,168,168,168,168,168,168,168,168,168,168,439,343,300,332,CDLCLOSINGMARUBOZU_T2,155,155,100,443
169,169,169,169,169,169,169,169,169,169,169,169,169,169,169,169,169,169,169,169,169,169,169,169,155,336,476,468,CDLCOUNTERATTACK_T2,155,155,1,459
170,170,170,170,170,170,170,170,170,170,170,170,170,170,170,170,170,170,170,170,170,170,170,170,331,338,478,412,CDLDARKCLOUDCOVER_T2,155,155,100,463
171,171,171,171,171,171,171,171,171,171,171,171,171,171,171,171,171,171,171,171,171,171,171,171,381,340,304,308,CDLDOJI_T2,155,155,100,465
172,172,172,172,172,172,172,172,172,172,172,172,172,172,172,172,172,172,172,172,172,172,172,172,216,344,378,344,CDLDOJISTAR_T2,155,1,1,467
173,173,173,173,173,173,173,173,173,173,173,173,173,173,173,173,173,173,173,173,173,173,173,173,449,346,396,395,CDLDRAGONFLYDOJI_T2,155,155,100,469
174,174,174,174,174,174,174,174,174,174,174,174,174,174,174,174,174,174,174,174,174,174,174,174,472,348,287,266,CDLENGULFING_T2,155,155,100,472
175,175,175,175,175,175,175,175,175,175,175,175,175,175,175,175,175,175,175,175,175,175,175,175,314,350,500,408,CDLEVENINGDOJISTAR_T2,155,155,100,471
176,176,176,176,176,176,176,176,176,176,176,176,176,176,176,176,176,176,176,176,176,176,176,176,184,352,442,366,CDLEVENINGSTAR_T2,155,155,100,384
177,177,177,177,177,177,177,177,177,177,177,177,177,177,177,177,177,177,177,177,177,177,177,177,493,354,490,491,CDLGAPSIDESIDEWHITE_T2,1,155,1,478
178,178,178,178,178,178,178,178,178,178,178,178,178,178,178,178,178,178,178,178,178,178,178,178,267,356,455,430,CDLGRAVESTONEDOJI_T2,1,155,100,477
179,179,179,179,179,179,179,179,179,179,179,179,179,179,179,179,179,179,179,179,179,179,179,179,338,358,319,354,CDLHAMMER_T2,155,155,100,386
180,180,180,180,180,180,180,180,180,180,180,180,180,180,180,180,180,180,180,180,180,180,180,180,483,360,339,357,CDLHANGINGMAN_T2,155,1,100,388
181,181,181,181,181,181,181,181,181,181,181,181,181,181,181,181,181,181,181,181,181,181,181,181,193,362,289,293,CDLHARAMI_T2,155,155,100,1
182,182,182,182,182,182,182,182,182,182,182,182,182,182,182,182,182,182,182,182,182,182,182,182,400,364,336,362,CDLHARAMICROSS_T2,155,155,1,407
183,183,183,183,183,183,183,183,183,183,183,183,183,183,183,183,183,183,183,183,183,183,183,183,476,366,271,272,CDLHIGHWAVE_T2,155,1,100,413
184,184,184,184,184,184,184,184,184,184,184,184,184,184,184,184,184,184,184,184,184,184,184,184,446,367,264,285,CDLHIKKAKE_T2,155,155,100,415
185,185,185,185,185,185,185,185,185,185,185,185,185,185,185,185,185,185,185,185,185,185,185,185,349,370,461,496,CDLHIKKAKEMOD_T2,155,155,100,417
186,186,186,186,186,186,186,186,186,186,186,186,186,186,186,186,186,186,186,186,186,186,186,186,295,372,493,353,CDLHOMINGPIGEON_T2,155,155,100,419
187,187,187,187,187,187,187,187,187,187,187,187,187,187,187,187,187,187,187,187,187,187,187,187,497,374,482,497,CDLINNECK_T2,155,155,1,421
188,188,188,188,188,188,188,188,188,188,188,188,188,188,188,188,188,188,188,188,188,188,188,188,384,376,454,407,CDLINVERTEDHAMMER_T2,155,1,1,423
189,189,189,189,189,189,189,189,189,189,189,189,189,189,189,189,189,189,189,189,189,189,189,189,415,377,418,423,CDLLADDERBOTTOM_T2,155,155,100,425
190,190,190,190,190,190,190,190,190,190,190,190,190,190,190,190,190,190,190,190,190,190,190,190,380,380,305,289,CDLLONGLEGGEDDOJI_T2,155,155,100,427
191,191,191,191,191,191,191,191,191,191,191,191,191,191,191,191,191,191,191,191,191,191,191,191,203,382,295,172,CDLLONGLINE_T2,155,155,100,429
192,192,192,192,192,192,192,192,192,192,192,192,192,192,192,192,192,192,192,192,192,192,192,192,365,384,352,358,CDLMARUBOZU_T2,155,155,100,397
193,193,193,193,193,193,193,193,193,193,193,193,193,193,193,193,193,193,193,193,193,193,193,193,421,386,350,386,CDLMATCHINGLOW_T2,155,155,100,391
194,194,194,194,194,194,194,194,194,194,194,194,194,194,194,194,194,194,194,194,194,194,194,194,390,388,486,453,CDLMORNINGDOJISTAR_T2,155,155,100,479
195,195,195,195,195,195,195,195,195,195,195,195,195,195,195,195,195,195,195,195,195,195,195,195,334,390,471,416,CDLMORNINGSTAR_T2,1,155,100,480
196,196,196,196,196,196,196,196,196,196,196,196,196,196,196,196,196,196,196,196,196,196,196,196,192,392,417,446,CDLONNECK_T2,155,155,100,355
197,197,197,197,197,197,197,197,197,197,197,197,197,197,197,197,197,197,197,197,197,197,197,197,117,394,481,380,CDLPIERCING_T2,155,155,100,357
198,198,198,198,198,198,198,198,198,198,198,198,198,198,198,198,198,198,198,198,198,198,198,198,404,396,322,219,CDLRICKSHAWMAN_T2,155,155,100,359
199,199,199,199,199,199,199,199,199,199,199,199,199,199,199,199,199,199,199,199,199,199,199,199,125,398,468,335,CDLSEPARATINGLINES_T2,155,1,1,256
200,200,200,200,200,200,200,200,200,200,200,200,200,200,200,200,200,200,200,200,200,200,200,200,445,400,498,345,CDLSHOOTINGSTAR_T2,155,155,100,255
201,201,201,201,201,201,201,201,201,201,201,201,201,201,201,201,201,201,201,201,201,201,201,201,82,402,268,115,CDLSHORTLINE_T2,155,155,100,250
202,202,202,202,202,202,202,202,202,202,202,202,202,202,202,202,202,202,202,202,202,202,202,202,433,404,257,87,CDLSPINNINGTOP_T2,155,1,100,476
203,203,203,203,203,203,203,203,203,203,203,203,203,203,203,203,203,203,203,203,203,203,203,203,105,406,419,428,CDLSTALLEDPATTERN_T2,155,155,1,475
204,204,204,204,204,204,204,204,204,204,204,204,204,204,204,204,204,204,204,204,204,204,204,204,405,408,390,406,CDLTAKURI_T2,155,155,100,252
205,205,205,205,205,205,205,205,205,205,205,205,205,205,205,205,205,205,205,205,205,205,205,205,372,410,443,447,CDLTASUKIGAP_T2,155,155,100,254
206,206,206,206,206,206,206,206,206,206,206,206,206,206,206,206,206,206,206,206,206,206,206,206,273,412,362,360,CDLTHRUSTING_T2,155,155,100,248
207,207,207,207,207,207,207,207,207,207,207,207,207,207,207,207,207,207,207,207,207,207,207,207,224,414,426,437,CDLUNIQUE3RIVER_T2,155,155,1,247
208,208,208,208,208,208,208,208,208,208,208,208,208,208,208,208,208,208,208,208,208,208,208,208,103,416,494,393,CDLUPSIDEGAP2CROWS_T2,155,155,100,351
209,209,209,209,209,209,209,209,209,209,209,209,209,209,209,209,209,209,209,209,209,209,209,209,158,418,374,392,CDLXSIDEGAP3METHODS_T2,155,155,100,352
210,210,210,210,210,210,210,210,210,210,210,210,210,210,210,210,210,210,210,210,210,210,210,210,478,420,203,290,FII_Futures_Net_change_T2,155,155,100,114
211,211,211,211,211,211,211,211,211,211,211,211,211,211,211,211,211,211,211,211,211,211,211,211,328,5,27,130,FII_Options_Net_change_T2,155,155,100,42
212,212,212,212,212,212,212,212,212,212,212,212,212,212,212,212,212,212,212,212,212,212,212,212,107,424,52,125,VIX_T2,155,155,100,163
213,213,213,213,213,213,213,213,213,213,213,213,213,213,213,213,213,213,213,213,213,213,213,213,214,426,213,114,Change_in_dollar_rate_T2,155,155,100,145
214,214,214,214,214,214,214,214,214,214,214,214,214,214,214,214,214,214,214,214,214,214,214,214,78,428,109,79,change_in_crude_price_T2,155,155,100,192
215,215,215,215,215,215,215,215,215,215,215,215,215,215,215,215,215,215,215,215,215,215,215,215,6,430,18,25,US_day_trend_T2,155,155,100,17
216,216,216,216,216,216,216,216,216,216,216,216,216,216,216,216,216,216,216,216,216,216,216,216,239,432,233,263,US_trend_strength_up_shadow_T2,1,1,100,159
217,217,217,217,217,217,217,217,217,217,217,217,217,217,217,217,217,217,217,217,217,217,217,217,218,434,243,300,US_trend_strength_low_shadow_T2,1,1,100,24
218,218,218,218,218,218,218,218,218,218,218,218,218,218,218,218,218,218,218,218,218,218,218,218,430,436,74,169,US_gap_up_down_opening_T2,155,155,100,73
219,219,219,219,219,219,219,219,219,219,219,219,219,219,219,219,219,219,219,219,219,219,219,219,94,438,86,71,Lon_day_trend_T2,155,155,100,49
220,220,220,220,220,220,220,220,220,220,220,220,220,220,220,220,220,220,220,220,220,220,220,220,60,440,251,68,Lon_trend_strength_up_shadow_T2,1,155,100,59
221,221,221,221,221,221,221,221,221,221,221,221,221,221,221,221,221,221,221,221,221,221,221,221,65,442,234,156,Lon_trend_strength_low_shadow_T2,155,155,100,13
222,222,222,222,222,222,222,222,222,222,222,222,222,222,222,222,222,222,222,222,222,222,222,222,8,444,22,29,Fran_day_trend_T2,155,155,100,87
223,223,223,223,223,223,223,223,223,223,223,223,223,223,223,223,223,223,223,223,223,223,223,223,477,446,92,197,Fran_trend_strength_up_shadow_T2,155,1,100,60
224,224,224,224,224,224,224,224,224,224,224,224,224,224,224,224,224,224,224,224,224,224,224,224,182,448,185,276,Fran_trend_strength_low_shadow_T2,155,155,100,37
225,225,225,225,225,225,225,225,225,225,225,225,225,225,225,225,225,225,225,225,225,225,225,225,375,450,80,138,Fran_gap_up_down_opening_T2,155,155,100,72
226,226,226,226,226,226,226,226,226,226,226,226,226,226,226,226,226,226,226,226,226,226,226,226,383,452,140,127,Singp_day_trend_T2,155,155,100,126
227,227,227,227,227,227,227,227,227,227,227,227,227,227,227,227,227,227,227,227,227,227,227,227,219,454,239,309,Singp_trend_strength_up_shadow_T2,1,155,100,285
228,228,228,228,228,228,228,228,228,228,228,228,228,228,228,228,228,228,228,228,228,228,228,228,231,456,236,239,Singp_trend_strength_low_shadow_T2,1,1,100,75
229,229,229,229,229,229,229,229,229,229,229,229,229,229,229,229,229,229,229,229,229,229,229,229,466,458,219,214,Singp_gap_up_down_opening_T2,155,155,100,127
230,230,230,230,230,230,230,230,230,230,230,230,230,230,230,230,230,230,230,230,230,230,230,230,261,460,179,80,China_day_trend_T2,155,1,100,57
231,231,231,231,231,231,231,231,231,231,231,231,231,231,231,231,231,231,231,231,231,231,231,231,167,462,44,244,China_trend_strength_up_shadow_T2,1,155,100,66
232,232,232,232,232,232,232,232,232,232,232,232,232,232,232,232,232,232,232,232,232,232,232,232,138,464,167,200,China_trend_strength_low_shadow_T2,1,155,100,106
233,233,233,233,233,233,233,233,233,233,233,233,233,233,233,233,233,233,233,233,233,233,233,233,422,466,127,242,China_gap_up_down_opening_T2,155,155,100,293
234,234,234,234,234,234,234,234,234,234,234,234,234,234,234,234,234,234,234,234,234,234,234,234,272,6,186,207,Honkon_day_trend_T2,155,155,100,175
235,235,235,235,235,235,235,235,235,235,235,235,235,235,235,235,235,235,235,235,235,235,235,235,156,470,209,253,Honkon_trend_strength_up_shadow_T2,155,155,100,199
236,236,236,236,236,236,236,236,236,236,236,236,236,236,236,236,236,236,236,236,236,236,236,236,177,472,146,264,Honkon_trend_strength_low_shadow_T2,1,155,100,18
237,237,237,237,237,237,237,237,237,237,237,237,237,237,237,237,237,237,237,237,237,237,237,237,201,474,115,135,Honkon_gap_up_down_opening_T2,155,155,100,190
238,238,238,238,238,238,238,238,238,238,238,238,238,238,238,238,238,238,238,238,238,238,238,238,146,476,98,164,Japan_day_trend_T2,155,155,100,99
239,239,239,239,239,239,239,239,239,239,239,239,239,239,239,239,239,239,239,239,239,239,239,239,296,478,183,255,Japan_trend_strength_up_shadow_T2,1,155,100,128
240,240,240,240,240,240,240,240,240,240,240,240,240,240,240,240,240,240,240,240,240,240,240,240,423,480,103,320,Japan_trend_strength_low_shadow_T2,155,155,100,91
241,241,241,241,241,241,241,241,241,241,241,241,241,241,241,241,241,241,241,241,241,241,241,241,462,482,132,147,Japan_gap_up_down_opening_T2,155,155,100,80
242,242,242,242,242,242,242,242,242,242,242,242,242,242,242,242,242,242,242,242,242,242,242,242,212,484,128,259,Day_trend_T3,155,1,100,154
243,243,243,243,243,243,243,243,243,243,243,243,243,243,243,243,243,243,243,243,243,243,243,243,213,486,206,258,Day_trend_strength_up_shadow_T3,1,1,100,4
244,244,244,244,244,244,244,244,244,244,244,244,244,244,244,244,244,244,244,244,244,244,244,244,227,488,250,303,Day_trend_strength_low_shadow_T3,1,1,100,379
245,245,245,245,245,245,245,245,245,245,245,245,245,245,245,245,245,245,245,245,245,245,245,245,210,490,76,212,gap_up_down_opening_T3,155,155,100,44
246,246,246,246,246,246,246,246,246,246,246,246,246,246,246,246,246,246,246,246,246,246,246,246,70,492,197,122,Volume_T3,155,155,100,36
247,247,247,247,247,247,247,247,247,247,247,247,247,247,247,247,247,247,247,247,247,247,247,247,64,494,32,133,Change_in_Volume_T3,155,155,100,50
248,248,248,248,248,248,248,248,248,248,248,248,248,248,248,248,248,248,248,248,248,248,248,248,378,496,212,217,Open Interest_T3,155,155,100,100
249,249,249,249,249,249,249,249,249,249,249,249,249,249,249,249,249,249,249,249,249,249,249,249,465,498,111,132,Change in OI_T3,155,155,100,92
250,250,250,250,250,250,250,250,250,250,250,250,250,250,250,250,250,250,250,250,250,250,250,250,170,500,120,209,Pivot_T3,155,155,100,401
251,251,251,251,251,251,251,251,251,251,251,251,251,251,251,251,251,251,251,251,251,251,251,251,100,502,121,118,Weekly_Pivots_T3,155,155,100,158
252,252,252,252,252,252,252,252,252,252,252,252,252,252,252,252,252,252,252,252,252,252,252,252,51,504,35,56,MVWAP-7_T3,155,155,100,62
253,253,253,253,253,253,253,253,253,253,253,253,253,253,253,253,253,253,253,253,253,253,253,253,50,503,141,33,EMA_8_T3,155,155,100,61
254,254,254,254,254,254,254,254,254,254,254,254,254,254,254,254,254,254,254,254,254,254,254,254,13,501,142,53,EMA_21_T3,155,155,100,1
255,255,255,255,255,255,255,255,255,255,255,255,255,255,255,255,255,255,255,255,255,255,255,255,11,499,17,48,EMA_55_T3,155,155,100,23
256,256,256,256,256,256,256,256,256,256,256,256,256,256,256,256,256,256,256,256,256,256,256,256,18,497,210,21,EMA_sm_cross_T3,155,155,100,1
257,257,257,257,257,257,257,257,257,257,257,257,257,257,257,257,257,257,257,257,257,257,257,257,69,495,232,195,EMA_ml_cross_T3,155,155,100,470
258,258,258,258,258,258,258,258,258,258,258,258,258,258,258,258,258,258,258,258,258,258,258,258,33,493,245,167,EMA_sl_cross_T3,155,155,100,468
259,259,259,259,259,259,259,259,259,259,259,259,259,259,259,259,259,259,259,259,259,259,259,259,54,491,13,27,BollUp_T3,155,155,100,1
260,260,260,260,260,260,260,260,260,260,260,260,260,260,260,260,260,260,260,260,260,260,260,260,81,489,227,98,BollMid_T3,155,155,100,77
261,261,261,261,261,261,261,261,261,261,261,261,261,261,261,261,261,261,261,261,261,261,261,261,284,487,93,102,BollDown_T3,155,155,100,146
262,262,262,262,262,262,262,262,262,262,262,262,262,262,262,262,262,262,262,262,262,262,262,262,15,485,94,73,MACD_T3,155,155,100,14
263,263,263,263,263,263,263,263,263,263,263,263,263,263,263,263,263,263,263,263,263,263,263,263,29,483,177,137,MACDsignal_T3,155,155,100,343
264,264,264,264,264,264,264,264,264,264,264,264,264,264,264,264,264,264,264,264,264,264,264,264,9,481,10,4,RSI-14_T3,1,155,100,1
265,265,265,265,265,265,265,265,265,265,265,265,265,265,265,265,265,265,265,265,265,265,265,265,197,479,138,204,ADX-14_T3,155,155,100,346
266,266,266,266,266,266,266,266,266,266,266,266,266,266,266,266,266,266,266,266,266,266,266,266,112,477,90,77,MFI-14_T3,155,155,100,33
267,267,267,267,267,267,267,267,267,267,267,267,267,267,267,267,267,267,267,267,267,267,267,267,119,475,87,153,OBV_T3,155,155,100,347
268,268,268,268,268,268,268,268,268,268,268,268,268,268,268,268,268,268,268,268,268,268,268,268,159,473,180,188,ADOSC_T3,155,155,100,129
269,269,269,269,269,269,269,269,269,269,269,269,269,269,269,269,269,269,269,269,269,269,269,269,237,471,480,481,CDL2CROWS_T3,155,155,100,298
270,270,270,270,270,270,270,270,270,270,270,270,270,270,270,270,270,270,270,270,270,270,270,270,426,469,332,384,CDL3INSIDE_T3,155,155,100,300
271,271,271,271,271,271,271,271,271,271,271,271,271,271,271,271,271,271,271,271,271,271,271,271,357,15,393,471,CDL3LINESTRIKE_T3,155,155,100,302
272,272,272,272,272,272,272,272,272,272,272,272,272,272,272,272,272,272,272,272,272,272,272,272,57,16,317,243,CDL3OUTSIDE_T3,155,155,100,304
273,273,273,273,273,273,273,273,273,273,273,273,273,273,273,273,273,273,273,273,273,273,273,273,371,20,423,459,CDLADVANCEBLOCK_T3,155,155,100,306
274,274,274,274,274,274,274,274,274,274,274,274,274,274,274,274,274,274,274,274,274,274,274,274,448,22,275,211,CDLBELTHOLD_T3,155,155,100,327
275,275,275,275,275,275,275,275,275,275,275,275,275,275,275,275,275,275,275,275,275,275,275,275,154,29,440,500,CDLBREAKAWAY_T3,155,155,100,337
276,276,276,276,276,276,276,276,276,276,276,276,276,276,276,276,276,276,276,276,276,276,276,276,62,24,281,189,CDLCLOSINGMARUBOZU_T3,155,155,100,197
277,277,277,277,277,277,277,277,277,277,277,277,277,277,277,277,277,277,277,277,277,277,277,277,502,26,403,484,CDLCOUNTERATTACK_T3,155,155,1,335
278,278,278,278,278,278,278,278,278,278,278,278,278,278,278,278,278,278,278,278,278,278,278,278,330,30,439,440,CDLDARKCLOUDCOVER_T3,155,155,100,333
279,279,279,279,279,279,279,279,279,279,279,279,279,279,279,279,279,279,279,279,279,279,279,279,174,31,291,225,CDLDOJI_T3,155,155,100,331
280,280,280,280,280,280,280,280,280,280,280,280,280,280,280,280,280,280,280,280,280,280,280,280,297,34,341,336,CDLDOJISTAR_T3,155,155,100,310
281,281,281,281,281,281,281,281,281,281,281,281,281,281,281,281,281,281,281,281,281,281,281,281,77,36,358,328,CDLDRAGONFLYDOJI_T3,155,155,100,349
282,282,282,282,282,282,282,282,282,282,282,282,282,282,282,282,282,282,282,282,282,282,282,282,301,37,298,265,CDLENGULFING_T3,155,155,100,312
283,283,283,283,283,283,283,283,283,283,283,283,283,283,283,283,283,283,283,283,283,283,283,283,313,39,484,450,CDLEVENINGDOJISTAR_T3,155,155,100,314
284,284,284,284,284,284,284,284,284,284,284,284,284,284,284,284,284,284,284,284,284,284,284,284,311,41,367,400,CDLEVENINGSTAR_T3,155,155,100,316
285,285,285,285,285,285,285,285,285,285,285,285,285,285,285,285,285,285,285,285,285,285,285,285,494,43,488,448,CDLGAPSIDESIDEWHITE_T3,155,155,100,318
286,286,286,286,286,286,286,286,286,286,286,286,286,286,286,286,286,286,286,286,286,286,286,286,420,45,458,455,CDLGRAVESTONEDOJI_T3,155,1,1,320
287,287,287,287,287,287,287,287,287,287,287,287,287,287,287,287,287,287,287,287,287,287,287,287,417,47,334,394,CDLHAMMER_T3,155,1,100,322
288,288,288,288,288,288,288,288,288,288,288,288,288,288,288,288,288,288,288,288,288,288,288,288,425,49,344,359,CDLHANGINGMAN_T3,155,155,100,268
289,289,289,289,289,289,289,289,289,289,289,289,289,289,289,289,289,289,289,289,289,289,289,289,411,51,315,316,CDLHARAMI_T3,155,155,100,308
290,290,290,290,290,290,290,290,290,290,290,290,290,290,290,290,290,290,290,290,290,290,290,290,323,53,324,379,CDLHARAMICROSS_T3,155,155,100,338
291,291,291,291,291,291,291,291,291,291,291,291,291,291,291,291,291,291,291,291,291,291,291,291,500,55,274,97,CDLHIGHWAVE_T3,155,155,100,340
292,292,292,292,292,292,292,292,292,292,292,292,292,292,292,292,292,292,292,292,292,292,292,292,110,56,273,218,CDLHIKKAKE_T3,155,155,100,344
293,293,293,293,293,293,293,293,293,293,293,293,293,293,293,293,293,293,293,293,293,293,293,293,361,58,405,503,CDLHIKKAKEMOD_T3,1,1,100,345
294,294,294,294,294,294,294,294,294,294,294,294,294,294,294,294,294,294,294,294,294,294,294,294,452,61,385,378,CDLHOMINGPIGEON_T3,1,155,100,269
295,295,295,295,295,295,295,295,295,295,295,295,295,295,295,295,295,295,295,295,295,295,295,295,148,63,474,489,CDLINNECK_T3,155,155,100,329
296,296,296,296,296,296,296,296,296,296,296,296,296,296,296,296,296,296,296,296,296,296,296,296,486,64,371,398,CDLINVERTEDHAMMER_T3,155,1,100,430
297,297,297,297,297,297,297,297,297,297,297,297,297,297,297,297,297,297,297,297,297,297,297,297,220,66,412,422,CDLLADDERBOTTOM_T3,1,155,100,396
298,298,298,298,298,298,298,298,298,298,298,298,298,298,298,298,298,298,298,298,298,298,298,298,175,68,302,86,CDLLONGLEGGEDDOJI_T3,155,155,100,398
299,299,299,299,299,299,299,299,299,299,299,299,299,299,299,299,299,299,299,299,299,299,299,299,290,70,282,78,CDLLONGLINE_T3,155,155,100,399
300,300,300,300,300,300,300,300,300,300,300,300,300,300,300,300,300,300,300,300,300,300,300,300,113,72,368,363,CDLMARUBOZU_T3,155,155,100,400
301,301,301,301,301,301,301,301,301,301,301,301,301,301,301,301,301,301,301,301,301,301,301,301,266,74,383,355,CDLMATCHINGLOW_T3,155,155,100,402
302,302,302,302,302,302,302,302,302,302,302,302,302,302,302,302,302,302,302,302,302,302,302,302,389,76,467,487,CDLMORNINGDOJISTAR_T3,155,155,1,408
303,303,303,303,303,303,303,303,303,303,303,303,303,303,303,303,303,303,303,303,303,303,303,303,490,78,364,472,CDLMORNINGSTAR_T3,155,155,100,406
304,304,304,304,304,304,304,304,304,304,304,304,304,304,304,304,304,304,304,304,304,304,304,304,406,80,401,464,CDLONNECK_T3,155,1,1,403
305,305,305,305,305,305,305,305,305,305,305,305,305,305,305,305,305,305,305,305,305,305,305,305,116,83,434,368,CDLPIERCING_T3,1,155,100,444
306,306,306,306,306,306,306,306,306,306,306,306,306,306,306,306,306,306,306,306,306,306,306,306,310,17,330,163,CDLRICKSHAWMAN_T3,155,155,100,212
307,307,307,307,307,307,307,307,307,307,307,307,307,307,307,307,307,307,307,307,307,307,307,307,189,11,413,377,CDLSEPARATINGLINES_T3,155,1,100,211
308,308,308,308,308,308,308,308,308,308,308,308,308,308,308,308,308,308,308,308,308,308,308,308,444,9,384,434,CDLSHOOTINGSTAR_T3,155,1,100,440
309,309,309,309,309,309,309,309,309,309,309,309,309,309,309,309,309,309,309,309,309,309,309,309,209,85,297,274,CDLSHORTLINE_T3,155,155,100,296
310,310,310,310,310,310,310,310,310,310,310,310,310,310,310,310,310,310,310,310,310,310,310,310,322,87,263,271,CDLSPINNINGTOP_T3,155,155,100,294
311,311,311,311,311,311,311,311,311,311,311,311,311,311,311,311,311,311,311,311,311,311,311,311,352,89,389,463,CDLSTALLEDPATTERN_T3,155,155,100,239
312,312,312,312,312,312,312,312,312,312,312,312,312,312,312,312,312,312,312,312,312,312,312,312,21,91,348,108,CDLTAKURI_T3,155,155,1,431
313,313,313,313,313,313,313,313,313,313,313,313,313,313,313,313,313,313,313,313,313,313,313,313,373,93,394,404,CDLTASUKIGAP_T3,155,155,100,214
314,314,314,314,314,314,314,314,314,314,314,314,314,314,314,314,314,314,314,314,314,314,314,314,162,95,363,381,CDLTHRUSTING_T3,155,155,1,360
315,315,315,315,315,315,315,315,315,315,315,315,315,315,315,315,315,315,315,315,315,315,315,315,233,96,427,449,CDLUNIQUE3RIVER_T3,155,155,100,361
316,316,316,316,316,316,316,316,316,316,316,316,316,316,316,316,316,316,316,316,316,316,316,316,360,97,459,490,CDLUPSIDEGAP2CROWS_T3,155,1,100,422
317,317,317,317,317,317,317,317,317,317,317,317,317,317,317,317,317,317,317,317,317,317,317,317,429,99,462,483,CDLXSIDEGAP3METHODS_T3,155,155,100,231
318,318,318,318,318,318,318,318,318,318,318,318,318,318,318,318,318,318,318,318,318,318,318,318,96,101,39,43,FII_Futures_Net_change_T3,155,1,100,6
319,319,319,319,319,319,319,319,319,319,319,319,319,319,319,319,319,319,319,319,319,319,319,319,211,103,95,220,FII_Options_Net_change_T3,155,155,100,94
320,320,320,320,320,320,320,320,320,320,320,320,320,320,320,320,320,320,320,320,320,320,320,320,318,105,122,201,VIX_T3,155,155,100,76
321,321,321,321,321,321,321,321,321,321,321,321,321,321,321,321,321,321,321,321,321,321,321,321,305,107,61,196,Change_in_dollar_rate_T3,155,155,100,280
322,322,322,322,322,322,322,322,322,322,322,322,322,322,322,322,322,322,322,322,322,322,322,322,169,108,53,46,change_in_crude_price_T3,155,155,100,58
323,323,323,323,323,323,323,323,323,323,323,323,323,323,323,323,323,323,323,323,323,323,323,323,388,109,154,261,US_day_trend_T3,155,155,100,195
324,324,324,324,324,324,324,324,324,324,324,324,324,324,324,324,324,324,324,324,324,324,324,324,501,111,147,273,Lon_day_trend_T3,155,155,100,79
325,325,325,325,325,325,325,325,325,325,325,325,325,325,325,325,325,325,325,325,325,325,325,325,208,113,19,76,Fran_day_trend_T3,155,155,100,10
326,326,326,326,326,326,326,326,326,326,326,326,326,326,326,326,326,326,326,326,326,326,326,326,186,115,71,75,Singp_day_trend_T3,155,155,100,116
327,327,327,327,327,327,327,327,327,327,327,327,327,327,327,327,327,327,327,327,327,327,327,327,309,117,46,104,China_day_trend_T3,155,155,100,115
328,328,328,328,328,328,328,328,328,328,328,328,328,328,328,328,328,328,328,328,328,328,328,328,288,119,58,123,Honkon_day_trend_T3,155,155,100,95
329,329,329,329,329,329,329,329,329,329,329,329,329,329,329,329,329,329,329,329,329,329,329,329,455,121,79,110,Japan_day_trend_T3,155,155,100,164
330,330,330,330,330,330,330,330,330,330,330,330,330,330,330,330,330,330,330,330,330,330,330,330,482,123,135,148,Day_trend_T4,155,155,100,53
331,331,331,331,331,331,331,331,331,331,331,331,331,331,331,331,331,331,331,331,331,331,331,331,243,125,192,287,Day_trend_strength_up_shadow_T4,1,1,100,182
332,332,332,332,332,332,332,332,332,332,332,332,332,332,332,332,332,332,332,332,332,332,332,332,221,127,244,233,Day_trend_strength_low_shadow_T4,1,155,100,25
333,333,333,333,333,333,333,333,333,333,333,333,333,333,333,333,333,333,333,333,333,333,333,333,459,129,72,150,gap_up_down_opening_T4,155,155,100,88
334,334,334,334,334,334,334,334,334,334,334,334,334,334,334,334,334,334,334,334,334,334,334,334,401,130,189,210,Volume_T4,155,155,100,166
335,335,335,335,335,335,335,335,335,335,335,335,335,335,335,335,335,335,335,335,335,335,335,335,464,132,29,176,Change_in_Volume_T4,155,155,100,38
336,336,336,336,336,336,336,336,336,336,336,336,336,336,336,336,336,336,336,336,336,336,336,336,454,135,151,134,Open Interest_T4,155,155,100,180
337,337,337,337,337,337,337,337,337,337,337,337,337,337,337,337,337,337,337,337,337,337,337,337,274,137,194,161,Change in OI_T4,155,155,100,196
338,338,338,338,338,338,338,338,338,338,338,338,338,338,338,338,338,338,338,338,338,338,338,338,206,139,136,192,Pivot_T4,155,155,100,90
339,339,339,339,339,339,339,339,339,339,339,339,339,339,339,339,339,339,339,339,339,339,339,339,140,141,149,109,Weekly_Pivots_T4,155,155,100,273
340,340,340,340,340,340,340,340,340,340,340,340,340,340,340,340,340,340,340,340,340,340,340,340,91,143,145,112,MVWAP-7_T4,155,155,100,67
341,341,341,341,341,341,341,341,341,341,341,341,341,341,341,341,341,341,341,341,341,341,341,341,89,145,199,295,EMA_8_T4,155,155,100,225
342,342,342,342,342,342,342,342,342,342,342,342,342,342,342,342,342,342,342,342,342,342,342,342,39,147,68,44,EMA_21_T4,155,155,100,1
343,343,343,343,343,343,343,343,343,343,343,343,343,343,343,343,343,343,343,343,343,343,343,343,28,149,42,91,EMA_55_T4,155,155,100,241
344,344,344,344,344,344,344,344,344,344,344,344,344,344,344,344,344,344,344,344,344,344,344,344,35,151,238,128,EMA_sm_cross_T4,155,155,100,117
345,345,345,345,345,345,345,345,345,345,345,345,345,345,345,345,345,345,345,345,345,345,345,345,80,153,222,257,EMA_ml_cross_T4,155,155,100,178
346,346,346,346,346,346,346,346,346,346,346,346,346,346,346,346,346,346,346,346,346,346,346,346,48,155,178,190,EMA_sl_cross_T4,155,155,100,354
347,347,347,347,347,347,347,347,347,347,347,347,347,347,347,347,347,347,347,347,347,347,347,347,108,157,182,105,BollUp_T4,155,155,100,356
348,348,348,348,348,348,348,348,348,348,348,348,348,348,348,348,348,348,348,348,348,348,348,348,141,159,91,81,BollMid_T4,155,155,100,142
349,349,349,349,349,349,349,349,349,349,349,349,349,349,349,349,349,349,349,349,349,349,349,349,321,161,60,84,BollDown_T4,155,155,100,74
350,350,350,350,350,350,350,350,350,350,350,350,350,350,350,350,350,350,350,350,350,350,350,350,27,163,230,101,MACD_T4,155,155,100,365
351,351,351,351,351,351,351,351,351,351,351,351,351,351,351,351,351,351,351,351,351,351,351,351,41,165,252,170,MACDsignal_T4,155,155,100,84
352,352,352,352,352,352,352,352,352,352,352,352,352,352,352,352,352,352,352,352,352,352,352,352,14,167,54,12,RSI-14_T4,155,155,100,41
353,353,353,353,353,353,353,353,353,353,353,353,353,353,353,353,353,353,353,353,353,353,353,353,195,169,254,291,ADX-14_T4,155,155,100,207
354,354,354,354,354,354,354,354,354,354,354,354,354,354,354,354,354,354,354,354,354,354,354,354,127,171,175,61,MFI-14_T4,155,155,100,85
355,355,355,355,355,355,355,355,355,355,355,355,355,355,355,355,355,355,355,355,355,355,355,355,129,173,169,69,OBV_T4,155,155,100,375
356,356,356,356,356,356,356,356,356,356,356,356,356,356,356,356,356,356,356,356,356,356,356,356,279,175,208,191,ADOSC_T4,155,155,100,138
357,357,357,357,357,357,357,357,357,357,357,357,357,357,357,357,357,357,357,357,357,357,357,357,238,177,460,482,CDL2CROWS_T4,155,155,100,380
358,358,358,358,358,358,358,358,358,358,358,358,358,358,358,358,358,358,358,358,358,358,358,358,199,179,323,348,CDL3INSIDE_T4,155,155,100,381
359,359,359,359,359,359,359,359,359,359,359,359,359,359,359,359,359,359,359,359,359,359,359,359,106,181,502,465,CDL3LINESTRIKE_T4,155,155,100,390
360,360,360,360,360,360,360,360,360,360,360,360,360,360,360,360,360,360,360,360,360,360,360,360,187,183,347,352,CDL3OUTSIDE_T4,155,155,100,392
361,361,361,361,361,361,361,361,361,361,361,361,361,361,361,361,361,361,361,361,361,361,361,361,370,185,466,456,CDLADVANCEBLOCK_T4,155,155,100,393
362,362,362,362,362,362,362,362,362,362,362,362,362,362,362,362,362,362,362,362,362,362,362,362,178,187,262,227,CDLBELTHOLD_T4,155,155,100,218
363,363,363,363,363,363,363,363,363,363,363,363,363,363,363,363,363,363,363,363,363,363,363,363,505,189,386,498,CDLBREAKAWAY_T4,155,155,100,362
364,364,364,364,364,364,364,364,364,364,364,364,364,364,364,364,364,364,364,364,364,364,364,364,399,191,296,319,CDLCLOSINGMARUBOZU_T4,155,155,100,366
365,365,365,365,365,365,365,365,365,365,365,365,365,365,365,365,365,365,365,365,365,365,365,365,151,193,411,492,CDLCOUNTERATTACK_T4,155,155,100,368
366,366,366,366,366,366,366,366,366,366,366,366,366,366,366,366,366,366,366,366,366,366,366,366,329,195,497,433,CDLDARKCLOUDCOVER_T4,155,155,1,404
367,367,367,367,367,367,367,367,367,367,367,367,367,367,367,367,367,367,367,367,367,367,367,367,394,197,340,277,CDLDOJI_T4,155,155,100,370
368,368,368,368,368,368,368,368,368,368,368,368,368,368,368,368,368,368,368,368,368,368,368,368,298,199,313,341,CDLDOJISTAR_T4,155,155,100,372
369,369,369,369,369,369,369,369,369,369,369,369,369,369,369,369,369,369,369,369,369,369,369,369,450,201,360,399,CDLDRAGONFLYDOJI_T4,155,1,100,376
370,370,370,370,370,370,370,370,370,370,370,370,370,370,370,370,370,370,370,370,370,370,370,370,168,203,283,284,CDLENGULFING_T4,155,155,100,394
371,371,371,371,371,371,371,371,371,371,371,371,371,371,371,371,371,371,371,371,371,371,371,371,491,205,499,475,CDLEVENINGDOJISTAR_T4,155,155,100,395
372,372,372,372,372,372,372,372,372,372,372,372,372,372,372,372,372,372,372,372,372,372,372,372,437,207,422,421,CDLEVENINGSTAR_T4,155,155,1,382
373,373,373,373,373,373,373,373,373,373,373,373,373,373,373,373,373,373,373,373,373,373,373,373,495,209,409,457,CDLGAPSIDESIDEWHITE_T4,1,1,100,383
374,374,374,374,374,374,374,374,374,374,374,374,374,374,374,374,374,374,374,374,374,374,374,374,270,211,380,419,CDLGRAVESTONEDOJI_T4,155,1,100,445
375,375,375,375,375,375,375,375,375,375,375,375,375,375,375,375,375,375,375,375,375,375,375,375,339,213,331,367,CDLHAMMER_T4,155,155,100,460
376,376,376,376,376,376,376,376,376,376,376,376,376,376,376,376,376,376,376,376,376,376,376,376,202,214,421,304,CDLHANGINGMAN_T4,155,155,100,461
377,377,377,377,377,377,377,377,377,377,377,377,377,377,377,377,377,377,377,377,377,377,377,377,145,215,286,249,CDLHARAMI_T4,155,155,100,385
378,378,378,378,378,378,378,378,378,378,378,378,378,378,378,378,378,378,378,378,378,378,378,378,55,217,355,311,CDLHARAMICROSS_T4,155,155,100,387
379,379,379,379,379,379,379,379,379,379,379,379,379,379,379,379,379,379,379,379,379,379,379,379,386,219,294,307,CDLHIGHWAVE_T4,155,155,100,223
380,380,380,380,380,380,380,380,380,380,380,380,380,380,380,380,380,380,380,380,380,380,380,380,131,221,265,298,CDLHIKKAKE_T4,155,1,100,282
381,381,381,381,381,381,381,381,381,381,381,381,381,381,381,381,381,381,381,381,381,381,381,381,102,223,446,396,CDLHIKKAKEMOD_T4,1,1,100,284
382,382,382,382,382,382,382,382,382,382,382,382,382,382,382,382,382,382,382,382,382,382,382,382,382,225,410,389,CDLHOMINGPIGEON_T4,155,155,1,287
383,383,383,383,383,383,383,383,383,383,383,383,383,383,383,383,383,383,383,383,383,383,383,383,150,227,472,443,CDLINNECK_T4,155,155,100,232
384,384,384,384,384,384,384,384,384,384,384,384,384,384,384,384,384,384,384,384,384,384,384,384,256,229,487,409,CDLINVERTEDHAMMER_T4,1,155,100,222
385,385,385,385,385,385,385,385,385,385,385,385,385,385,385,385,385,385,385,385,385,385,385,385,114,231,420,333,CDLLADDERBOTTOM_T4,155,155,100,226
386,386,386,386,386,386,386,386,386,386,386,386,386,386,386,386,386,386,386,386,386,386,386,386,395,233,303,323,CDLLONGLEGGEDDOJI_T4,155,155,100,227
387,387,387,387,387,387,387,387,387,387,387,387,387,387,387,387,387,387,387,387,387,387,387,387,132,235,261,39,CDLLONGLINE_T4,155,155,100,237
388,388,388,388,388,388,388,388,388,388,388,388,388,388,388,388,388,388,388,388,388,388,388,388,300,237,310,339,CDLMARUBOZU_T4,155,155,100,234
389,389,389,389,389,389,389,389,389,389,389,389,389,389,389,389,389,389,389,389,389,389,389,389,262,239,369,340,CDLMATCHINGLOW_T4,155,155,100,230
390,390,390,390,390,390,390,390,390,390,390,390,390,390,390,390,390,390,390,390,390,390,390,390,392,241,492,460,CDLMORNINGDOJISTAR_T4,1,155,100,264
391,391,391,391,391,391,391,391,391,391,391,391,391,391,391,391,391,391,391,391,391,391,391,391,333,243,449,432,CDLMORNINGSTAR_T4,155,155,100,260
392,392,392,392,392,392,392,392,392,392,392,392,392,392,392,392,392,392,392,392,392,392,392,392,190,245,489,452,CDLONNECK_T4,155,155,100,409
393,393,393,393,393,393,393,393,393,393,393,393,393,393,393,393,393,393,393,393,393,393,393,393,492,247,456,461,CDLPIERCING_T4,155,155,100,411
394,394,394,394,394,394,394,394,394,394,394,394,394,394,394,394,394,394,394,394,394,394,394,394,475,249,279,342,CDLRICKSHAWMAN_T4,155,155,100,428
395,395,395,395,395,395,395,395,395,395,395,395,395,395,395,395,395,395,395,395,395,395,395,395,124,251,373,372,CDLSEPARATINGLINES_T4,155,155,100,426
396,396,396,396,396,396,396,396,396,396,396,396,396,396,396,396,396,396,396,396,396,396,396,396,344,253,381,413,CDLSHOOTINGSTAR_T4,155,155,100,424
397,397,397,397,397,397,397,397,397,397,397,397,397,397,397,397,397,397,397,397,397,397,397,397,258,255,292,63,CDLSHORTLINE_T4,155,155,100,450
398,398,398,398,398,398,398,398,398,398,398,398,398,398,398,398,398,398,398,398,398,398,398,398,276,257,270,145,CDLSPINNINGTOP_T4,155,155,100,448
399,399,399,399,399,399,399,399,399,399,399,399,399,399,399,399,399,399,399,399,399,399,399,399,350,259,406,480,CDLSTALLEDPATTERN_T4,155,155,1,420
400,400,400,400,400,400,400,400,400,400,400,400,400,400,400,400,400,400,400,400,400,400,400,400,407,261,447,414,CDLTAKURI_T4,155,155,100,446
401,401,401,401,401,401,401,401,401,401,401,401,401,401,401,401,401,401,401,401,401,401,401,401,498,263,470,402,CDLTASUKIGAP_T4,155,155,100,447
402,402,402,402,402,402,402,402,402,402,402,402,402,402,402,402,402,402,402,402,402,402,402,402,271,265,432,397,CDLTHRUSTING_T4,155,155,1,418
403,403,403,403,403,403,403,403,403,403,403,403,403,403,403,403,403,403,403,403,403,403,403,403,225,267,475,442,CDLUNIQUE3RIVER_T4,1,155,1,416
404,404,404,404,404,404,404,404,404,404,404,404,404,404,404,404,404,404,404,404,404,404,404,404,359,269,491,488,CDLUPSIDEGAP2CROWS_T4,155,155,100,452
405,405,405,405,405,405,405,405,405,405,405,405,405,405,405,405,405,405,405,405,405,405,405,405,287,271,496,469,CDLXSIDEGAP3METHODS_T4,155,155,100,414
406,406,406,406,406,406,406,406,406,406,406,406,406,406,406,406,406,406,406,406,406,406,406,406,368,273,119,228,FII_Futures_Net_change_T4,155,155,100,181
407,407,407,407,407,407,407,407,407,407,407,407,407,407,407,407,407,407,407,407,407,407,407,407,87,275,112,237,FII_Options_Net_change_T4,155,155,100,155
408,408,408,408,408,408,408,408,408,408,408,408,408,408,408,408,408,408,408,408,408,408,408,408,479,277,124,202,VIX_T4,155,155,100,121
409,409,409,409,409,409,409,409,409,409,409,409,409,409,409,409,409,409,409,409,409,409,409,409,291,279,170,142,Change_in_dollar_rate_T4,155,155,100,151
410,410,410,410,410,410,410,410,410,410,410,410,410,410,410,410,410,410,410,410,410,410,410,410,403,281,50,60,change_in_crude_price_T4,155,155,100,43
411,411,411,411,411,411,411,411,411,411,411,411,411,411,411,411,411,411,411,411,411,411,411,411,481,283,129,185,US_day_trend_T4,155,155,100,65
412,412,412,412,412,412,412,412,412,412,412,412,412,412,412,412,412,412,412,412,412,412,412,412,343,285,126,58,Lon_day_trend_T4,155,155,100,89
413,413,413,413,413,413,413,413,413,413,413,413,413,413,413,413,413,413,413,413,413,413,413,413,327,287,131,162,Fran_day_trend_T4,155,155,100,131
414,414,414,414,414,414,414,414,414,414,414,414,414,414,414,414,414,414,414,414,414,414,414,414,457,289,181,206,Singp_day_trend_T4,155,155,100,170
415,415,415,415,415,415,415,415,415,415,415,415,415,415,415,415,415,415,415,415,415,415,415,415,467,291,125,144,China_day_trend_T4,155,155,100,104
416,416,416,416,416,416,416,416,416,416,416,416,416,416,416,416,416,416,416,416,416,416,416,416,268,293,88,100,Honkon_day_trend_T4,155,155,100,200
417,417,417,417,417,417,417,417,417,417,417,417,417,417,417,417,417,417,417,417,417,417,417,417,160,295,77,240,Japan_day_trend_T4,155,155,100,137
418,418,418,418,418,418,418,418,418,418,418,418,418,418,418,418,418,418,418,418,418,418,418,418,136,297,15,54,Day_trend_T5,155,155,100,1
419,419,419,419,419,419,419,419,419,419,419,419,419,419,419,419,419,419,419,419,419,419,419,419,245,299,223,313,Day_trend_strength_up_shadow_T5,155,155,100,113
420,420,420,420,420,420,420,420,420,420,420,420,420,420,420,420,420,420,420,420,420,420,420,420,235,301,253,236,Day_trend_strength_low_shadow_T5,155,155,100,8
421,421,421,421,421,421,421,421,421,421,421,421,421,421,421,421,421,421,421,421,421,421,421,421,248,303,123,186,gap_up_down_opening_T5,155,155,100,111
422,422,422,422,422,422,422,422,422,422,422,422,422,422,422,422,422,422,422,422,422,422,422,422,95,305,171,92,Volume_T5,155,155,100,194
423,423,423,423,423,423,423,423,423,423,423,423,423,423,423,423,423,423,423,423,423,423,423,423,325,307,62,252,Change_in_Volume_T5,155,155,100,122
424,424,424,424,424,424,424,424,424,424,424,424,424,424,424,424,424,424,424,424,424,424,424,424,147,309,47,51,Open Interest_T5,155,155,100,69
425,425,425,425,425,425,425,425,425,425,425,425,425,425,425,425,425,425,425,425,425,425,425,425,308,311,159,64,Change in OI_T5,155,155,100,7
426,426,426,426,426,426,426,426,426,426,426,426,426,426,426,426,426,426,426,426,426,426,426,426,157,313,117,96,Pivot_T5,155,155,100,28
427,427,427,427,427,427,427,427,427,427,427,427,427,427,427,427,427,427,427,427,427,427,427,427,166,315,190,184,Weekly_Pivots_T5,155,155,100,169
428,428,428,428,428,428,428,428,428,428,428,428,428,428,428,428,428,428,428,428,428,428,428,428,86,317,168,216,MVWAP-7_T5,155,155,100,135
429,429,429,429,429,429,429,429,429,429,429,429,429,429,429,429,429,429,429,429,429,429,429,429,75,319,247,194,EMA_8_T5,155,155,100,464
430,430,430,430,430,430,430,430,430,430,430,430,430,430,430,430,430,430,430,430,430,430,430,430,38,321,217,224,EMA_21_T5,155,155,100,466
431,431,431,431,431,431,431,431,431,431,431,431,431,431,431,431,431,431,431,431,431,431,431,431,32,323,216,155,EMA_55_T5,155,155,100,454
432,432,432,432,432,432,432,432,432,432,432,432,432,432,432,432,432,432,432,432,432,432,432,432,44,325,198,107,EMA_sm_cross_T5,155,1,100,32
433,433,433,433,433,433,433,433,433,433,433,433,433,433,433,433,433,433,433,433,433,433,433,433,90,327,231,296,EMA_ml_cross_T5,155,155,100,168
434,434,434,434,434,434,434,434,434,434,434,434,434,434,434,434,434,434,434,434,434,434,434,434,58,329,246,226,EMA_sl_cross_T5,155,155,100,183
435,435,435,435,435,435,435,435,435,435,435,435,435,435,435,435,435,435,435,435,435,435,435,435,144,331,204,203,BollUp_T5,155,155,100,21
436,436,436,436,436,436,436,436,436,436,436,436,436,436,436,436,436,436,436,436,436,436,436,436,88,333,226,120,BollMid_T5,155,155,100,389
437,437,437,437,437,437,437,437,437,437,437,437,437,437,437,437,437,437,437,437,437,437,437,437,137,335,65,141,BollDown_T5,155,155,100,143
438,438,438,438,438,438,438,438,438,438,438,438,438,438,438,438,438,438,438,438,438,438,438,438,37,337,241,231,MACD_T5,155,155,100,198
439,439,439,439,439,439,439,439,439,439,439,439,439,439,439,439,439,439,439,439,439,439,439,439,46,339,205,215,MACDsignal_T5,155,155,100,157
440,440,440,440,440,440,440,440,440,440,440,440,440,440,440,440,440,440,440,440,440,440,440,440,17,341,176,52,RSI-14_T5,155,155,100,350
441,441,441,441,441,441,441,441,441,441,441,441,441,441,441,441,441,441,441,441,441,441,441,441,251,342,202,232,ADX-14_T5,155,155,100,201
442,442,442,442,442,442,442,442,442,442,442,442,442,442,442,442,442,442,442,442,442,442,442,442,40,345,64,18,MFI-14_T5,155,155,100,19
443,443,443,443,443,443,443,443,443,443,443,443,443,443,443,443,443,443,443,443,443,443,443,443,115,347,158,62,OBV_T5,1,155,100,150
444,444,444,444,444,444,444,444,444,444,444,444,444,444,444,444,444,444,444,444,444,444,444,444,207,349,187,248,ADOSC_T5,155,155,100,11
445,445,445,445,445,445,445,445,445,445,445,445,445,445,445,445,445,445,445,445,445,445,445,445,230,351,453,473,CDL2CROWS_T5,155,155,100,432
446,446,446,446,446,446,446,446,446,446,446,446,446,446,446,446,446,446,446,446,446,446,446,446,427,353,335,346,CDL3INSIDE_T5,155,155,1,433
447,447,447,447,447,447,447,447,447,447,447,447,447,447,447,447,447,447,447,447,447,447,447,447,355,355,424,467,CDL3LINESTRIKE_T5,155,155,100,434
448,448,448,448,448,448,448,448,448,448,448,448,448,448,448,448,448,448,448,448,448,448,448,448,254,357,321,334,CDL3OUTSIDE_T5,155,155,100,435
449,449,449,449,449,449,449,449,449,449,449,449,449,449,449,449,449,449,449,449,449,449,449,449,123,359,404,388,CDLADVANCEBLOCK_T5,155,155,100,436
450,450,450,450,450,450,450,450,450,450,450,450,450,450,450,450,450,450,450,450,450,450,450,450,402,361,285,241,CDLBELTHOLD_T5,155,155,100,437
451,451,451,451,451,451,451,451,451,451,451,451,451,451,451,451,451,451,451,451,451,451,451,451,153,363,463,495,CDLBREAKAWAY_T5,155,155,100,438
452,452,452,452,452,452,452,452,452,452,452,452,452,452,452,452,452,452,452,452,452,452,452,452,366,365,329,330,CDLCLOSINGMARUBOZU_T5,155,155,100,179
453,453,453,453,453,453,453,453,453,453,453,453,453,453,453,453,453,453,453,453,453,453,453,453,504,368,441,485,CDLCOUNTERATTACK_T5,155,155,100,481
454,454,454,454,454,454,454,454,454,454,454,454,454,454,454,454,454,454,454,454,454,454,454,454,336,369,479,431,CDLDARKCLOUDCOVER_T5,155,155,100,258
455,455,455,455,455,455,455,455,455,455,455,455,455,455,455,455,455,455,455,455,455,455,455,455,205,371,316,275,CDLDOJI_T5,155,155,100,292
456,456,456,456,456,456,456,456,456,456,456,456,456,456,456,456,456,456,456,456,456,456,456,456,363,373,408,347,CDLDOJISTAR_T5,155,155,100,277
457,457,457,457,457,457,457,457,457,457,457,457,457,457,457,457,457,457,457,457,457,457,457,457,369,375,376,374,CDLDRAGONFLYDOJI_T5,155,155,100,325
458,458,458,458,458,458,458,458,458,458,458,458,458,458,458,458,458,458,458,458,458,458,458,458,99,378,280,129,CDLENGULFING_T5,1,155,100,213
459,459,459,459,459,459,459,459,459,459,459,459,459,459,459,459,459,459,459,459,459,459,459,459,316,379,465,445,CDLEVENINGDOJISTAR_T5,155,155,100,291
460,460,460,460,460,460,460,460,460,460,460,460,460,460,460,460,460,460,460,460,460,460,460,460,438,381,351,436,CDLEVENINGSTAR_T5,155,155,100,290
461,461,461,461,461,461,461,461,461,461,461,461,461,461,461,461,461,461,461,461,461,461,461,461,234,383,473,454,CDLGAPSIDESIDEWHITE_T5,155,155,100,353
462,462,462,462,462,462,462,462,462,462,462,462,462,462,462,462,462,462,462,462,462,462,462,462,139,385,366,441,CDLGRAVESTONEDOJI_T5,1,155,100,289
463,463,463,463,463,463,463,463,463,463,463,463,463,463,463,463,463,463,463,463,463,463,463,463,419,387,414,370,CDLHAMMER_T5,155,155,100,288
464,464,464,464,464,464,464,464,464,464,464,464,464,464,464,464,464,464,464,464,464,464,464,464,252,389,361,349,CDLHANGINGMAN_T5,155,155,1,274
465,465,465,465,465,465,465,465,465,465,465,465,465,465,465,465,465,465,465,465,465,465,465,465,304,391,333,322,CDLHARAMI_T5,155,155,100,220
466,466,466,466,466,466,466,466,466,466,466,466,466,466,466,466,466,466,466,466,466,466,466,466,171,393,327,326,CDLHARAMICROSS_T5,155,155,100,272
467,467,467,467,467,467,467,467,467,467,467,467,467,467,467,467,467,467,467,467,467,467,467,467,302,395,276,306,CDLHIGHWAVE_T5,155,155,100,257
468,468,468,468,468,468,468,468,468,468,468,468,468,468,468,468,468,468,468,468,468,468,468,468,436,397,269,301,CDLHIKKAKE_T5,155,155,100,279
469,469,469,469,469,469,469,469,469,469,469,469,469,469,469,469,469,469,469,469,469,469,469,469,362,399,495,505,CDLHIKKAKEMOD_T5,155,155,100,405
470,470,470,470,470,470,470,470,470,470,470,470,470,470,470,470,470,470,470,470,470,470,470,470,294,401,345,383,CDLHOMINGPIGEON_T5,1,155,100,286
471,471,471,471,471,471,471,471,471,471,471,471,471,471,471,471,471,471,471,471,471,471,471,471,149,403,370,458,CDLINNECK_T5,155,155,100,358
472,472,472,472,472,472,472,472,472,472,472,472,472,472,472,472,472,472,472,472,472,472,472,472,385,405,391,387,CDLINVERTEDHAMMER_T5,155,155,100,228
473,473,473,473,473,473,473,473,473,473,473,473,473,473,473,473,473,473,473,473,473,473,473,473,413,407,438,466,CDLLADDERBOTTOM_T5,155,155,100,439
474,474,474,474,474,474,474,474,474,474,474,474,474,474,474,474,474,474,474,474,474,474,474,474,204,409,309,288,CDLLONGLEGGEDDOJI_T5,155,155,100,270
475,475,475,475,475,475,475,475,475,475,475,475,475,475,475,475,475,475,475,475,475,475,475,475,364,411,288,238,CDLLONGLINE_T5,155,155,100,242
476,476,476,476,476,476,476,476,476,476,476,476,476,476,476,476,476,476,476,476,476,476,476,476,463,413,325,343,CDLMARUBOZU_T5,155,155,100,243
477,477,477,477,477,477,477,477,477,477,477,477,477,477,477,477,477,477,477,477,477,477,477,477,93,415,416,327,CDLMATCHINGLOW_T5,155,1,100,244
478,478,478,478,478,478,478,478,478,478,478,478,478,478,478,478,478,478,478,478,478,478,478,478,164,417,343,403,CDLMORNINGDOJISTAR_T5,155,155,100,265
479,479,479,479,479,479,479,479,479,479,479,479,479,479,479,479,479,479,479,479,479,479,479,479,332,419,435,426,CDLMORNINGSTAR_T5,155,155,100,348
480,480,480,480,480,480,480,480,480,480,480,480,480,480,480,480,480,480,480,480,480,480,480,480,408,421,451,424,CDLONNECK_T5,155,155,1,261
481,481,481,481,481,481,481,481,481,481,481,481,481,481,481,481,481,481,481,481,481,481,481,481,293,422,400,418,CDLPIERCING_T5,1,155,100,229
482,482,482,482,482,482,482,482,482,482,482,482,482,482,482,482,482,482,482,482,482,482,482,482,265,423,311,331,CDLRICKSHAWMAN_T5,155,155,100,246
483,483,483,483,483,483,483,483,483,483,483,483,483,483,483,483,483,483,483,483,483,483,483,483,441,425,377,405,CDLSEPARATINGLINES_T5,155,155,100,210
484,484,484,484,484,484,484,484,484,484,484,484,484,484,484,484,484,484,484,484,484,484,484,484,59,427,365,246,CDLSHOOTINGSTAR_T5,155,155,100,209
485,485,485,485,485,485,485,485,485,485,485,485,485,485,485,485,485,485,485,485,485,485,485,485,451,429,267,302,CDLSHORTLINE_T5,155,155,100,238
486,486,486,486,486,486,486,486,486,486,486,486,486,486,486,486,486,486,486,486,486,486,486,486,173,431,307,183,CDLSPINNINGTOP_T5,155,155,100,208
487,487,487,487,487,487,487,487,487,487,487,487,487,487,487,487,487,487,487,487,487,487,487,487,104,433,433,410,CDLSTALLEDPATTERN_T5,155,155,100,240
488,488,488,488,488,488,488,488,488,488,488,488,488,488,488,488,488,488,488,488,488,488,488,488,303,435,328,356,CDLTAKURI_T5,155,155,100,216
489,489,489,489,489,489,489,489,489,489,489,489,489,489,489,489,489,489,489,489,489,489,489,489,374,437,354,438,CDLTASUKIGAP_T5,155,155,100,219
490,490,490,490,490,490,490,490,490,490,490,490,490,490,490,490,490,490,490,490,490,490,490,490,485,439,397,415,CDLTHRUSTING_T5,155,155,100,217
491,491,491,491,491,491,491,491,491,491,491,491,491,491,491,491,491,491,491,491,491,491,491,491,76,441,387,376,CDLUNIQUE3RIVER_T5,155,155,100,215
492,492,492,492,492,492,492,492,492,492,492,492,492,492,492,492,492,492,492,492,492,492,492,492,351,443,359,462,CDLUPSIDEGAP2CROWS_T5,155,155,100,236
493,493,493,493,493,493,493,493,493,493,493,493,493,493,493,493,493,493,493,493,493,493,493,493,286,445,357,420,CDLXSIDEGAP3METHODS_T5,155,155,100,224
494,494,494,494,494,494,494,494,494,494,494,494,494,494,494,494,494,494,494,494,494,494,494,494,71,447,26,59,FII_Futures_Net_change_T5,155,155,100,147
495,495,495,495,495,495,495,495,495,495,495,495,495,495,495,495,495,495,495,495,495,495,495,495,396,449,25,111,FII_Options_Net_change_T5,155,155,100,96
496,496,496,496,496,496,496,496,496,496,496,496,496,496,496,496,496,496,496,496,496,496,496,496,424,451,57,234,VIX_T5,155,155,100,48
497,497,497,497,497,497,497,497,497,497,497,497,497,497,497,497,497,497,497,497,497,497,497,497,275,453,73,113,Change_in_dollar_rate_T5,155,155,100,202
498,498,498,498,498,498,498,498,498,498,498,498,498,498,498,498,498,498,498,498,498,498,498,498,469,455,81,157,change_in_crude_price_T5,155,155,100,141
499,499,499,499,499,499,499,499,499,499,499,499,499,499,499,499,499,499,499,499,499,499,499,499,181,457,100,151,US_day_trend_T5,155,155,100,125
500,500,500,500,500,500,500,500,500,500,500,500,500,500,500,500,500,500,500,500,500,500,500,500,471,459,97,152,Lon_day_trend_T5,155,155,100,149
501,501,501,501,501,501,501,501,501,501,501,501,501,501,501,501,501,501,501,501,501,501,501,501,379,461,215,116,Fran_day_trend_T5,155,155,100,120
502,502,502,502,502,502,502,502,502,502,502,502,502,502,502,502,502,502,502,502,502,502,502,502,285,463,114,160,Singp_day_trend_T5,155,155,100,70
503,503,503,503,503,503,503,503,503,503,503,503,503,503,503,503,503,503,503,503,503,503,503,503,74,465,56,41,China_day_trend_T5,155,155,100,45
504,504,504,504,504,504,504,504,504,504,504,504,504,504,504,504,504,504,504,504,504,504,504,504,142,467,63,26,Honkon_day_trend_T5,155,155,100,97
505,505,505,505,505,505,505,505,505,505,505,505,505,505,505,505,505,505,505,505,505,505,505,505,250,468,107,121,Japan_day_trend_T5,155,155,100,112
